"code_system","version","code","display"
"http://terminology.hl7.org/CodeSystem/mdr","v12.0","10002272","Anemia"
"http://terminology.hl7.org/CodeSystem/mdr","v12.0","10005329","Blood and lymphatic system disorders - Other, specify"
"http://terminology.hl7.org/CodeSystem/mdr","v12.0","10048580","Bone marrow hypocellular"
"http://terminology.hl7.org/CodeSystem/mdr","v12.0","10013442","Disseminated intravascular coagulation"
"http://terminology.hl7.org/CodeSystem/mdr","v12.0","10014950","Eosinophilia"
"http://terminology.hl7.org/CodeSystem/mdr","v12.0","10016288","Febrile neutropenia"
"http://terminology.hl7.org/CodeSystem/mdr","v12.0","10019491","Hemolysis"
"http://terminology.hl7.org/CodeSystem/mdr","v12.0","10019515","Hemolytic uremic syndrome"
"http://terminology.hl7.org/CodeSystem/mdr","v12.0","10024378","Leukocytosis"
"http://terminology.hl7.org/CodeSystem/mdr","v12.0","10025182","Lymph node pain"
"http://terminology.hl7.org/CodeSystem/mdr","v12.0","10027506","Methemoglobinemia"
"http://terminology.hl7.org/CodeSystem/mdr","v12.0","10043648","Thrombotic thrombocytopenic purpura"
"http://terminology.hl7.org/CodeSystem/mdr","v12.0","10061589","Aortic valve disease"
"http://terminology.hl7.org/CodeSystem/mdr","v12.0","10003586","Asystole"
"http://terminology.hl7.org/CodeSystem/mdr","v12.0","10003658","Atrial fibrillation"
"http://terminology.hl7.org/CodeSystem/mdr","v12.0","10003662","Atrial flutter"
"http://terminology.hl7.org/CodeSystem/mdr","v12.0","10003673","Atrioventricular block complete"
"http://terminology.hl7.org/CodeSystem/mdr","v12.0","10003674","Atrioventricular block first degree"
"http://terminology.hl7.org/CodeSystem/mdr","v12.0","10007515","Cardiac arrest"
"http://terminology.hl7.org/CodeSystem/mdr","v12.0","10007541","Cardiac disorders - Other, specify"
"http://terminology.hl7.org/CodeSystem/mdr","v12.0","10008481","Chest pain - cardiac"
"http://terminology.hl7.org/CodeSystem/mdr","v12.0","10010276","Conduction disorder"
"http://terminology.hl7.org/CodeSystem/mdr","v12.0","10011703","Cyanosis"
"http://terminology.hl7.org/CodeSystem/mdr","v12.0","10019279","Heart failure"
"http://terminology.hl7.org/CodeSystem/mdr","v12.0","10069501","Left ventricular systolic dysfunction"
"http://terminology.hl7.org/CodeSystem/mdr","v12.0","10061532","Mitral valve disease"
"http://terminology.hl7.org/CodeSystem/mdr","v12.0","10027786","Mobitz (type) II atrioventricular block"
"http://terminology.hl7.org/CodeSystem/mdr","v12.0","10027787","Mobitz type I"
"http://terminology.hl7.org/CodeSystem/mdr","v12.0","10028596","Myocardial infarction"
"http://terminology.hl7.org/CodeSystem/mdr","v12.0","10028606","Myocarditis"
"http://terminology.hl7.org/CodeSystem/mdr","v12.0","10033557","Palpitations"
"http://terminology.hl7.org/CodeSystem/mdr","v12.0","10034040","Paroxysmal atrial tachycardia"
"http://terminology.hl7.org/CodeSystem/mdr","v12.0","10034474","Pericardial effusion"
"http://terminology.hl7.org/CodeSystem/mdr","v12.0","10053565","Pericardial tamponade"
"http://terminology.hl7.org/CodeSystem/mdr","v12.0","10034484","Pericarditis"
"http://terminology.hl7.org/CodeSystem/mdr","v12.0","10061541","Pulmonary valve disease"
"http://terminology.hl7.org/CodeSystem/mdr","v12.0","10038748","Restrictive cardiomyopathy"
"http://terminology.hl7.org/CodeSystem/mdr","v12.0","10058597","Right ventricular dysfunction"
"http://terminology.hl7.org/CodeSystem/mdr","v12.0","10040639","Sick sinus syndrome"
"http://terminology.hl7.org/CodeSystem/mdr","v12.0","10040741","Sinus bradycardia"
"http://terminology.hl7.org/CodeSystem/mdr","v12.0","10040752","Sinus tachycardia"
"http://terminology.hl7.org/CodeSystem/mdr","v12.0","10042604","Supraventricular tachycardia"
"http://terminology.hl7.org/CodeSystem/mdr","v12.0","10061389","Tricuspid valve disease"
"http://terminology.hl7.org/CodeSystem/mdr","v12.0","10047281","Ventricular arrhythmia"
"http://terminology.hl7.org/CodeSystem/mdr","v12.0","10047290","Ventricular fibrillation"
"http://terminology.hl7.org/CodeSystem/mdr","v12.0","10047302","Ventricular tachycardia"
"http://terminology.hl7.org/CodeSystem/mdr","v12.0","10010331","Congenital, familial and genetic disorders - Other, specify"
"http://terminology.hl7.org/CodeSystem/mdr","v12.0","10013993","Ear and labyrinth disorders - Other, specify"
"http://terminology.hl7.org/CodeSystem/mdr","v12.0","10014020","Ear pain"
"http://terminology.hl7.org/CodeSystem/mdr","v12.0","10065785","External ear pain"
"http://terminology.hl7.org/CodeSystem/mdr","v12.0","10019245","Hearing impaired"
"http://terminology.hl7.org/CodeSystem/mdr","v12.0","10065838","Middle ear inflammation"
"http://terminology.hl7.org/CodeSystem/mdr","v12.0","10043882","Tinnitus"
"http://terminology.hl7.org/CodeSystem/mdr","v12.0","10047340","Vertigo"
"http://terminology.hl7.org/CodeSystem/mdr","v12.0","10047386","Vestibular disorder"
"http://terminology.hl7.org/CodeSystem/mdr","v12.0","10001367","Adrenal insufficiency"
"http://terminology.hl7.org/CodeSystem/mdr","v12.0","10011655","Cushingoid"
"http://terminology.hl7.org/CodeSystem/mdr","v12.0","10012205","Delayed puberty"
"http://terminology.hl7.org/CodeSystem/mdr","v12.0","10014698","Endocrine disorders - Other, specify"
"http://terminology.hl7.org/CodeSystem/mdr","v12.0","10018746","Growth accelerated"
"http://terminology.hl7.org/CodeSystem/mdr","v12.0","10020705","Hyperparathyroidism"
"http://terminology.hl7.org/CodeSystem/mdr","v12.0","10020850","Hyperthyroidism"
"http://terminology.hl7.org/CodeSystem/mdr","v12.0","10021041","Hypoparathyroidism"
"http://terminology.hl7.org/CodeSystem/mdr","v12.0","10062767","Hypophysitis"
"http://terminology.hl7.org/CodeSystem/mdr","v12.0","10021067","Hypopituitarism"
"http://terminology.hl7.org/CodeSystem/mdr","v12.0","10021114","Hypothyroidism"
"http://terminology.hl7.org/CodeSystem/mdr","v12.0","10058084","Precocious puberty"
"http://terminology.hl7.org/CodeSystem/mdr","v12.0","10067734","Testosterone deficiency"
"http://terminology.hl7.org/CodeSystem/mdr","v12.0","10047488","Virilization"
"http://terminology.hl7.org/CodeSystem/mdr","v12.0","10005886","Blurred vision"
"http://terminology.hl7.org/CodeSystem/mdr","v12.0","10007739","Cataract"
"http://terminology.hl7.org/CodeSystem/mdr","v12.0","10048492","Corneal ulcer"
"http://terminology.hl7.org/CodeSystem/mdr","v12.0","10013774","Dry eye"
"http://terminology.hl7.org/CodeSystem/mdr","v12.0","10015829","Extraocular muscle paresis"
"http://terminology.hl7.org/CodeSystem/mdr","v12.0","10015919","Eye disorders - Other, specify"
"http://terminology.hl7.org/CodeSystem/mdr","v12.0","10015958","Eye pain"
"http://terminology.hl7.org/CodeSystem/mdr","v12.0","10061145","Eyelid function disorder"
"http://terminology.hl7.org/CodeSystem/mdr","v12.0","10016757","Flashing lights"
"http://terminology.hl7.org/CodeSystem/mdr","v12.0","10016778","Floaters"
"http://terminology.hl7.org/CodeSystem/mdr","v12.0","10018304","Glaucoma"
"http://terminology.hl7.org/CodeSystem/mdr","v12.0","10023332","Keratitis"
"http://terminology.hl7.org/CodeSystem/mdr","v12.0","10029404","Night blindness"
"http://terminology.hl7.org/CodeSystem/mdr","v12.0","10061322","Optic nerve disorder"
"http://terminology.hl7.org/CodeSystem/mdr","v12.0","10033703","Papilledema"
"http://terminology.hl7.org/CodeSystem/mdr","v12.0","10054541","Periorbital edema"
"http://terminology.hl7.org/CodeSystem/mdr","v12.0","10034960","Photophobia"
"http://terminology.hl7.org/CodeSystem/mdr","v12.0","10038848","Retinal detachment"
"http://terminology.hl7.org/CodeSystem/mdr","v12.0","10038897","Retinal tear"
"http://terminology.hl7.org/CodeSystem/mdr","v12.0","10038901","Retinal vascular disorder"
"http://terminology.hl7.org/CodeSystem/mdr","v12.0","10038923","Retinopathy"
"http://terminology.hl7.org/CodeSystem/mdr","v12.0","10061510","Scleral disorder"
"http://terminology.hl7.org/CodeSystem/mdr","v12.0","10046851","Uveitis"
"http://terminology.hl7.org/CodeSystem/mdr","v12.0","10047516","Vision decreased"
"http://terminology.hl7.org/CodeSystem/mdr","v12.0","10047656","Vitreous hemorrhage"
"http://terminology.hl7.org/CodeSystem/mdr","v12.0","10047848","Watering eyes"
"http://terminology.hl7.org/CodeSystem/mdr","v12.0","10000060","Abdominal distension"
"http://terminology.hl7.org/CodeSystem/mdr","v12.0","10000081","Abdominal pain"
"http://terminology.hl7.org/CodeSystem/mdr","v12.0","10002153","Anal fissure"
"http://terminology.hl7.org/CodeSystem/mdr","v12.0","10002156","Anal fistula"
"http://terminology.hl7.org/CodeSystem/mdr","v12.0","10055226","Anal hemorrhage"
"http://terminology.hl7.org/CodeSystem/mdr","v12.0","10065721","Anal mucositis"
"http://terminology.hl7.org/CodeSystem/mdr","v12.0","10065722","Anal necrosis"
"http://terminology.hl7.org/CodeSystem/mdr","v12.0","10002167","Anal pain"
"http://terminology.hl7.org/CodeSystem/mdr","v12.0","10002176","Anal stenosis"
"http://terminology.hl7.org/CodeSystem/mdr","v12.0","10002180","Anal ulcer"
"http://terminology.hl7.org/CodeSystem/mdr","v12.0","10003445","Ascites"
"http://terminology.hl7.org/CodeSystem/mdr","v12.0","10004222","Belching"
"http://terminology.hl7.org/CodeSystem/mdr","v12.0","10005265","Bloating"
"http://terminology.hl7.org/CodeSystem/mdr","v12.0","10065747","Cecal hemorrhage"
"http://terminology.hl7.org/CodeSystem/mdr","v12.0","10008417","Cheilitis"
"http://terminology.hl7.org/CodeSystem/mdr","v12.0","10009167","Chylous ascites"
"http://terminology.hl7.org/CodeSystem/mdr","v12.0","10009887","Colitis"
"http://terminology.hl7.org/CodeSystem/mdr","v12.0","10009995","Colonic fistula"
"http://terminology.hl7.org/CodeSystem/mdr","v12.0","10009998","Colonic hemorrhage"
"http://terminology.hl7.org/CodeSystem/mdr","v12.0","10010000","Colonic obstruction"
"http://terminology.hl7.org/CodeSystem/mdr","v12.0","10010001","Colonic perforation"
"http://terminology.hl7.org/CodeSystem/mdr","v12.0","10010004","Colonic stenosis"
"http://terminology.hl7.org/CodeSystem/mdr","v12.0","10010006","Colonic ulcer"
"http://terminology.hl7.org/CodeSystem/mdr","v12.0","10010774","Constipation"
"http://terminology.hl7.org/CodeSystem/mdr","v12.0","10012318","Dental caries"
"http://terminology.hl7.org/CodeSystem/mdr","v12.0","10012727","Diarrhea"
"http://terminology.hl7.org/CodeSystem/mdr","v12.0","10013781","Dry mouth"
"http://terminology.hl7.org/CodeSystem/mdr","v12.0","10013828","Duodenal fistula"
"http://terminology.hl7.org/CodeSystem/mdr","v12.0","10055242","Duodenal hemorrhage"
"http://terminology.hl7.org/CodeSystem/mdr","v12.0","10013830","Duodenal obstruction"
"http://terminology.hl7.org/CodeSystem/mdr","v12.0","10013832","Duodenal perforation"
"http://terminology.hl7.org/CodeSystem/mdr","v12.0","10050094","Duodenal stenosis"
"http://terminology.hl7.org/CodeSystem/mdr","v12.0","10013836","Duodenal ulcer"
"http://terminology.hl7.org/CodeSystem/mdr","v12.0","10013946","Dyspepsia"
"http://terminology.hl7.org/CodeSystem/mdr","v12.0","10013950","Dysphagia"
"http://terminology.hl7.org/CodeSystem/mdr","v12.0","10014893","Enterocolitis"
"http://terminology.hl7.org/CodeSystem/mdr","v12.0","10062570","Enterovesical fistula"
"http://terminology.hl7.org/CodeSystem/mdr","v12.0","10065851","Esophageal fistula"
"http://terminology.hl7.org/CodeSystem/mdr","v12.0","10015384","Esophageal hemorrhage"
"http://terminology.hl7.org/CodeSystem/mdr","v12.0","10065727","Esophageal necrosis"
"http://terminology.hl7.org/CodeSystem/mdr","v12.0","10015387","Esophageal obstruction"
"http://terminology.hl7.org/CodeSystem/mdr","v12.0","10015388","Esophageal pain"
"http://terminology.hl7.org/CodeSystem/mdr","v12.0","10055472","Esophageal perforation"
"http://terminology.hl7.org/CodeSystem/mdr","v12.0","10015448","Esophageal stenosis"
"http://terminology.hl7.org/CodeSystem/mdr","v12.0","10015451","Esophageal ulcer"
"http://terminology.hl7.org/CodeSystem/mdr","v12.0","10015453","Esophageal varices hemorrhage"
"http://terminology.hl7.org/CodeSystem/mdr","v12.0","10015461","Esophagitis"
"http://terminology.hl7.org/CodeSystem/mdr","v12.0","10016296","Fecal incontinence"
"http://terminology.hl7.org/CodeSystem/mdr","v12.0","10016766","Flatulence"
"http://terminology.hl7.org/CodeSystem/mdr","v12.0","10065713","Gastric fistula"
"http://terminology.hl7.org/CodeSystem/mdr","v12.0","10017789","Gastric hemorrhage"
"http://terminology.hl7.org/CodeSystem/mdr","v12.0","10051886","Gastric necrosis"
"http://terminology.hl7.org/CodeSystem/mdr","v12.0","10017815","Gastric perforation"
"http://terminology.hl7.org/CodeSystem/mdr","v12.0","10061970","Gastric stenosis"
"http://terminology.hl7.org/CodeSystem/mdr","v12.0","10017822","Gastric ulcer"
"http://terminology.hl7.org/CodeSystem/mdr","v12.0","10017853","Gastritis"
"http://terminology.hl7.org/CodeSystem/mdr","v12.0","10066874","Gastroesophageal reflux disease"
"http://terminology.hl7.org/CodeSystem/mdr","v12.0","10017947","Gastrointestinal disorders - Other, specify"
"http://terminology.hl7.org/CodeSystem/mdr","v12.0","10017877","Gastrointestinal fistula"
"http://terminology.hl7.org/CodeSystem/mdr","v12.0","10017999","Gastrointestinal pain"
"http://terminology.hl7.org/CodeSystem/mdr","v12.0","10018043","Gastroparesis"
"http://terminology.hl7.org/CodeSystem/mdr","v12.0","10018286","Gingival pain"
"http://terminology.hl7.org/CodeSystem/mdr","v12.0","10060640","Hemorrhoidal hemorrhage"
"http://terminology.hl7.org/CodeSystem/mdr","v12.0","10019611","Hemorrhoids"
"http://terminology.hl7.org/CodeSystem/mdr","v12.0","10065728","Ileal fistula"
"http://terminology.hl7.org/CodeSystem/mdr","v12.0","10055287","Ileal hemorrhage"
"http://terminology.hl7.org/CodeSystem/mdr","v12.0","10065730","Ileal obstruction"
"http://terminology.hl7.org/CodeSystem/mdr","v12.0","10021305","Ileal perforation"
"http://terminology.hl7.org/CodeSystem/mdr","v12.0","10021307","Ileal stenosis"
"http://terminology.hl7.org/CodeSystem/mdr","v12.0","10021309","Ileal ulcer"
"http://terminology.hl7.org/CodeSystem/mdr","v12.0","10021328","Ileus"
"http://terminology.hl7.org/CodeSystem/mdr","v12.0","10055291","Intra-abdominal hemorrhage"
"http://terminology.hl7.org/CodeSystem/mdr","v12.0","10065719","Jejunal fistula"
"http://terminology.hl7.org/CodeSystem/mdr","v12.0","10055300","Jejunal hemorrhage"
"http://terminology.hl7.org/CodeSystem/mdr","v12.0","10065732","Jejunal obstruction"
"http://terminology.hl7.org/CodeSystem/mdr","v12.0","10023174","Jejunal perforation"
"http://terminology.hl7.org/CodeSystem/mdr","v12.0","10023176","Jejunal stenosis"
"http://terminology.hl7.org/CodeSystem/mdr","v12.0","10023177","Jejunal ulcer"
"http://terminology.hl7.org/CodeSystem/mdr","v12.0","10024561","Lip pain"
"http://terminology.hl7.org/CodeSystem/mdr","v12.0","10051746","Lower gastrointestinal hemorrhage"
"http://terminology.hl7.org/CodeSystem/mdr","v12.0","10025476","Malabsorption"
"http://terminology.hl7.org/CodeSystem/mdr","v12.0","10028130","Mucositis oral"
"http://terminology.hl7.org/CodeSystem/mdr","v12.0","10028813","Nausea"
"http://terminology.hl7.org/CodeSystem/mdr","v12.0","10029957","Obstruction gastric"
"http://terminology.hl7.org/CodeSystem/mdr","v12.0","10065720","Oral cavity fistula"
"http://terminology.hl7.org/CodeSystem/mdr","v12.0","10054520","Oral dysesthesia"
"http://terminology.hl7.org/CodeSystem/mdr","v12.0","10030980","Oral hemorrhage"
"http://terminology.hl7.org/CodeSystem/mdr","v12.0","10031009","Oral pain"
"http://terminology.hl7.org/CodeSystem/mdr","v12.0","10065703","Pancreatic duct stenosis"
"http://terminology.hl7.org/CodeSystem/mdr","v12.0","10049192","Pancreatic fistula"
"http://terminology.hl7.org/CodeSystem/mdr","v12.0","10033626","Pancreatic hemorrhage"
"http://terminology.hl7.org/CodeSystem/mdr","v12.0","10058096","Pancreatic necrosis"
"http://terminology.hl7.org/CodeSystem/mdr","v12.0","10033645","Pancreatitis"
"http://terminology.hl7.org/CodeSystem/mdr","v12.0","10034536","Periodontal disease"
"http://terminology.hl7.org/CodeSystem/mdr","v12.0","10065704","Peritoneal necrosis"
"http://terminology.hl7.org/CodeSystem/mdr","v12.0","10036774","Proctitis"
"http://terminology.hl7.org/CodeSystem/mdr","v12.0","10064993","Rectal fissure"
"http://terminology.hl7.org/CodeSystem/mdr","v12.0","10038062","Rectal fistula"
"http://terminology.hl7.org/CodeSystem/mdr","v12.0","10038064","Rectal hemorrhage"
"http://terminology.hl7.org/CodeSystem/mdr","v12.0","10063190","Rectal mucositis"
"http://terminology.hl7.org/CodeSystem/mdr","v12.0","10065709","Rectal necrosis"
"http://terminology.hl7.org/CodeSystem/mdr","v12.0","10065707","Rectal obstruction"
"http://terminology.hl7.org/CodeSystem/mdr","v12.0","10038072","Rectal pain"
"http://terminology.hl7.org/CodeSystem/mdr","v12.0","10038073","Rectal perforation"
"http://terminology.hl7.org/CodeSystem/mdr","v12.0","10038079","Rectal stenosis"
"http://terminology.hl7.org/CodeSystem/mdr","v12.0","10038080","Rectal ulcer"
"http://terminology.hl7.org/CodeSystem/mdr","v12.0","10038981","Retroperitoneal hemorrhage"
"http://terminology.hl7.org/CodeSystem/mdr","v12.0","10056681","Salivary duct inflammation"
"http://terminology.hl7.org/CodeSystem/mdr","v12.0","10039411","Salivary gland fistula"
"http://terminology.hl7.org/CodeSystem/mdr","v12.0","10065710","Small intestinal mucositis"
"http://terminology.hl7.org/CodeSystem/mdr","v12.0","10041101","Small intestinal obstruction"
"http://terminology.hl7.org/CodeSystem/mdr","v12.0","10041103","Small intestinal perforation"
"http://terminology.hl7.org/CodeSystem/mdr","v12.0","10062263","Small intestinal stenosis"
"http://terminology.hl7.org/CodeSystem/mdr","v12.0","10041133","Small intestine ulcer"
"http://terminology.hl7.org/CodeSystem/mdr","v12.0","10042112","Stomach pain"
"http://terminology.hl7.org/CodeSystem/mdr","v12.0","10044030","Tooth development disorder"
"http://terminology.hl7.org/CodeSystem/mdr","v12.0","10044031","Tooth discoloration"
"http://terminology.hl7.org/CodeSystem/mdr","v12.0","10044055","Toothache"
"http://terminology.hl7.org/CodeSystem/mdr","v12.0","10045271","Typhlitis"
"http://terminology.hl7.org/CodeSystem/mdr","v12.0","10055356","Upper gastrointestinal hemorrhage"
"http://terminology.hl7.org/CodeSystem/mdr","v12.0","10054692","Visceral arterial ischemia"
"http://terminology.hl7.org/CodeSystem/mdr","v12.0","10047700","Vomiting"
"http://terminology.hl7.org/CodeSystem/mdr","v12.0","10008531","Chills"
"http://terminology.hl7.org/CodeSystem/mdr","v12.0","10011912","Death neonatal"
"http://terminology.hl7.org/CodeSystem/mdr","v12.0","10011914","Death NOS"
"http://terminology.hl7.org/CodeSystem/mdr","v12.0","10061818","Disease progression"
"http://terminology.hl7.org/CodeSystem/mdr","v12.0","10014222","Edema face"
"http://terminology.hl7.org/CodeSystem/mdr","v12.0","10050068","Edema limbs"
"http://terminology.hl7.org/CodeSystem/mdr","v12.0","10058720","Edema trunk"
"http://terminology.hl7.org/CodeSystem/mdr","v12.0","10016059","Facial pain"
"http://terminology.hl7.org/CodeSystem/mdr","v12.0","10016256","Fatigue"
"http://terminology.hl7.org/CodeSystem/mdr","v12.0","10016558","Fever"
"http://terminology.hl7.org/CodeSystem/mdr","v12.0","10016791","Flu like symptoms"
"http://terminology.hl7.org/CodeSystem/mdr","v12.0","10017577","Gait disturbance"
"http://terminology.hl7.org/CodeSystem/mdr","v12.0","10018065","General disorders and administration site conditions - Other, specify"
"http://terminology.hl7.org/CodeSystem/mdr","v12.0","10018112","Generalized edema"
"http://terminology.hl7.org/CodeSystem/mdr","v12.0","10021113","Hypothermia"
"http://terminology.hl7.org/CodeSystem/mdr","v12.0","10064774","Infusion site extravasation"
"http://terminology.hl7.org/CodeSystem/mdr","v12.0","10022095","Injection site reaction"
"http://terminology.hl7.org/CodeSystem/mdr","v12.0","10062466","Localized edema"
"http://terminology.hl7.org/CodeSystem/mdr","v12.0","10025482","Malaise"
"http://terminology.hl7.org/CodeSystem/mdr","v12.0","10028154","Multi-organ failure"
"http://terminology.hl7.org/CodeSystem/mdr","v12.0","10054482","Neck edema"
"http://terminology.hl7.org/CodeSystem/mdr","v12.0","10062501","Non-cardiac chest pain"
"http://terminology.hl7.org/CodeSystem/mdr","v12.0","10033371","Pain"
"http://terminology.hl7.org/CodeSystem/mdr","v12.0","10042435","Sudden death NOS"
"http://terminology.hl7.org/CodeSystem/mdr","v12.0","10069480","Vaccination site lymphadenopathy"
"http://terminology.hl7.org/CodeSystem/mdr","v12.0","10051341","Bile duct stenosis"
"http://terminology.hl7.org/CodeSystem/mdr","v12.0","10004665","Biliary fistula"
"http://terminology.hl7.org/CodeSystem/mdr","v12.0","10006537","Budd-Chiari syndrome"
"http://terminology.hl7.org/CodeSystem/mdr","v12.0","10008612","Cholecystitis"
"http://terminology.hl7.org/CodeSystem/mdr","v12.0","10017631","Gallbladder fistula"
"http://terminology.hl7.org/CodeSystem/mdr","v12.0","10059446","Gallbladder necrosis"
"http://terminology.hl7.org/CodeSystem/mdr","v12.0","10017636","Gallbladder obstruction"
"http://terminology.hl7.org/CodeSystem/mdr","v12.0","10017638","Gallbladder pain"
"http://terminology.hl7.org/CodeSystem/mdr","v12.0","10017639","Gallbladder perforation"
"http://terminology.hl7.org/CodeSystem/mdr","v12.0","10019663","Hepatic failure"
"http://terminology.hl7.org/CodeSystem/mdr","v12.0","10019678","Hepatic hemorrhage"
"http://terminology.hl7.org/CodeSystem/mdr","v12.0","10019692","Hepatic necrosis"
"http://terminology.hl7.org/CodeSystem/mdr","v12.0","10019705","Hepatic pain"
"http://terminology.hl7.org/CodeSystem/mdr","v12.0","10019805","Hepatobiliary disorders - Other, specify"
"http://terminology.hl7.org/CodeSystem/mdr","v12.0","10034405","Perforation bile duct"
"http://terminology.hl7.org/CodeSystem/mdr","v12.0","10036200","Portal hypertension"
"http://terminology.hl7.org/CodeSystem/mdr","v12.0","10036206","Portal vein thrombosis"
"http://terminology.hl7.org/CodeSystem/mdr","v12.0","10063675","Sinusoidal obstruction syndrome"
"http://terminology.hl7.org/CodeSystem/mdr","v12.0","10001718","Allergic reaction"
"http://terminology.hl7.org/CodeSystem/mdr","v12.0","10002218","Anaphylaxis"
"http://terminology.hl7.org/CodeSystem/mdr","v12.0","10061664","Autoimmune disorder"
"http://terminology.hl7.org/CodeSystem/mdr","v12.0","10052015","Cytokine release syndrome"
"http://terminology.hl7.org/CodeSystem/mdr","v12.0","10021428","Immune system disorders - Other, specify"
"http://terminology.hl7.org/CodeSystem/mdr","v12.0","10040400","Serum sickness"
"http://terminology.hl7.org/CodeSystem/mdr","v12.0","10056519","Abdominal infection"
"http://terminology.hl7.org/CodeSystem/mdr","v12.0","10061640","Anorectal infection"
"http://terminology.hl7.org/CodeSystem/mdr","v12.0","10003011","Appendicitis"
"http://terminology.hl7.org/CodeSystem/mdr","v12.0","10003012","Appendicitis perforated"
"http://terminology.hl7.org/CodeSystem/mdr","v12.0","10065744","Arteritis infective"
"http://terminology.hl7.org/CodeSystem/mdr","v12.0","10003999","Bacteremia"
"http://terminology.hl7.org/CodeSystem/mdr","v12.0","10061695","Biliary tract infection"
"http://terminology.hl7.org/CodeSystem/mdr","v12.0","10005047","Bladder infection"
"http://terminology.hl7.org/CodeSystem/mdr","v12.0","10061017","Bone infection"
"http://terminology.hl7.org/CodeSystem/mdr","v12.0","10006259","Breast infection"
"http://terminology.hl7.org/CodeSystem/mdr","v12.0","10055078","Bronchial infection"
"http://terminology.hl7.org/CodeSystem/mdr","v12.0","10007810","Catheter related infection"
"http://terminology.hl7.org/CodeSystem/mdr","v12.0","10065761","Cecal infection"
"http://terminology.hl7.org/CodeSystem/mdr","v12.0","10008330","Cervicitis infection"
"http://terminology.hl7.org/CodeSystem/mdr","v12.0","10010741","Conjunctivitis"
"http://terminology.hl7.org/CodeSystem/mdr","v12.0","10010742","Conjunctivitis infective"
"http://terminology.hl7.org/CodeSystem/mdr","v12.0","10061788","Corneal infection"
"http://terminology.hl7.org/CodeSystem/mdr","v12.0","10065765","Cranial nerve infection"
"http://terminology.hl7.org/CodeSystem/mdr","v12.0","10058666","Cytomegalovirus infection reactivation"
"http://terminology.hl7.org/CodeSystem/mdr","v12.0","10064687","Device related infection"
"http://terminology.hl7.org/CodeSystem/mdr","v12.0","10065752","Duodenal infection"
"http://terminology.hl7.org/CodeSystem/mdr","v12.0","10014594","Encephalitis infection"
"http://terminology.hl7.org/CodeSystem/mdr","v12.0","10014621","Encephalomyelitis infection"
"http://terminology.hl7.org/CodeSystem/mdr","v12.0","10014678","Endocarditis infective"
"http://terminology.hl7.org/CodeSystem/mdr","v12.0","10014801","Endophthalmitis"
"http://terminology.hl7.org/CodeSystem/mdr","v12.0","10058838","Enterocolitis infectious"
"http://terminology.hl7.org/CodeSystem/mdr","v12.0","10015109","Epstein-Barr virus infection reactivation"
"http://terminology.hl7.org/CodeSystem/mdr","v12.0","10058804","Esophageal infection"
"http://terminology.hl7.org/CodeSystem/mdr","v12.0","10015929","Eye infection"
"http://terminology.hl7.org/CodeSystem/mdr","v12.0","10016936","Folliculitis"
"http://terminology.hl7.org/CodeSystem/mdr","v12.0","10017544","Fungemia"
"http://terminology.hl7.org/CodeSystem/mdr","v12.0","10062632","Gallbladder infection"
"http://terminology.hl7.org/CodeSystem/mdr","v12.0","10018784","Gum infection"
"http://terminology.hl7.org/CodeSystem/mdr","v12.0","10056522","Hepatic infection"
"http://terminology.hl7.org/CodeSystem/mdr","v12.0","10058827","Hepatitis B reactivation"
"http://terminology.hl7.org/CodeSystem/mdr","v12.0","10019799","Hepatitis viral"
"http://terminology.hl7.org/CodeSystem/mdr","v12.0","10080137","Herpes simplex reactivation"
"http://terminology.hl7.org/CodeSystem/mdr","v12.0","10021881","Infections and infestations - Other, specify"
"http://terminology.hl7.org/CodeSystem/mdr","v12.0","10021918","Infective myositis"
"http://terminology.hl7.org/CodeSystem/mdr","v12.0","10023216","Joint infection"
"http://terminology.hl7.org/CodeSystem/mdr","v12.0","10023424","Kidney infection"
"http://terminology.hl7.org/CodeSystem/mdr","v12.0","10023874","Laryngitis"
"http://terminology.hl7.org/CodeSystem/mdr","v12.0","10065755","Lip infection"
"http://terminology.hl7.org/CodeSystem/mdr","v12.0","10061229","Lung infection"
"http://terminology.hl7.org/CodeSystem/mdr","v12.0","10050823","Lymph gland infection"
"http://terminology.hl7.org/CodeSystem/mdr","v12.0","10057483","Mediastinal infection"
"http://terminology.hl7.org/CodeSystem/mdr","v12.0","10027199","Meningitis"
"http://terminology.hl7.org/CodeSystem/mdr","v12.0","10065764","Mucosal infection"
"http://terminology.hl7.org/CodeSystem/mdr","v12.0","10028524","Myelitis"
"http://terminology.hl7.org/CodeSystem/mdr","v12.0","10061304","Nail infection"
"http://terminology.hl7.org/CodeSystem/mdr","v12.0","10033072","Otitis externa"
"http://terminology.hl7.org/CodeSystem/mdr","v12.0","10033078","Otitis media"
"http://terminology.hl7.org/CodeSystem/mdr","v12.0","10055005","Ovarian infection"
"http://terminology.hl7.org/CodeSystem/mdr","v12.0","10051741","Pancreas infection"
"http://terminology.hl7.org/CodeSystem/mdr","v12.0","10069138","Papulopustular rash"
"http://terminology.hl7.org/CodeSystem/mdr","v12.0","10034016","Paronychia"
"http://terminology.hl7.org/CodeSystem/mdr","v12.0","10058674","Pelvic infection"
"http://terminology.hl7.org/CodeSystem/mdr","v12.0","10061912","Penile infection"
"http://terminology.hl7.org/CodeSystem/mdr","v12.0","10051472","Periorbital infection"
"http://terminology.hl7.org/CodeSystem/mdr","v12.0","10065766","Peripheral nerve infection"
"http://terminology.hl7.org/CodeSystem/mdr","v12.0","10057262","Peritoneal infection"
"http://terminology.hl7.org/CodeSystem/mdr","v12.0","10034835","Pharyngitis"
"http://terminology.hl7.org/CodeSystem/mdr","v12.0","10056627","Phlebitis infective"
"http://terminology.hl7.org/CodeSystem/mdr","v12.0","10061351","Pleural infection"
"http://terminology.hl7.org/CodeSystem/mdr","v12.0","10050662","Prostate infection"
"http://terminology.hl7.org/CodeSystem/mdr","v12.0","10037888","Rash pustular"
"http://terminology.hl7.org/CodeSystem/mdr","v12.0","10059827","Rhinitis infective"
"http://terminology.hl7.org/CodeSystem/mdr","v12.0","10039413","Salivary gland infection"
"http://terminology.hl7.org/CodeSystem/mdr","v12.0","10062156","Scrotal infection"
"http://terminology.hl7.org/CodeSystem/mdr","v12.0","10040047","Sepsis"
"http://terminology.hl7.org/CodeSystem/mdr","v12.0","10040555","Shingles"
"http://terminology.hl7.org/CodeSystem/mdr","v12.0","10040753","Sinusitis"
"http://terminology.hl7.org/CodeSystem/mdr","v12.0","10040872","Skin infection"
"http://terminology.hl7.org/CodeSystem/mdr","v12.0","10065771","Small intestine infection"
"http://terminology.hl7.org/CodeSystem/mdr","v12.0","10062255","Soft tissue infection"
"http://terminology.hl7.org/CodeSystem/mdr","v12.0","10062112","Splenic infection"
"http://terminology.hl7.org/CodeSystem/mdr","v12.0","10064505","Stoma site infection"
"http://terminology.hl7.org/CodeSystem/mdr","v12.0","10043649","Thrush"
"http://terminology.hl7.org/CodeSystem/mdr","v12.0","10048762","Tooth infection"
"http://terminology.hl7.org/CodeSystem/mdr","v12.0","10044302","Tracheitis"
"http://terminology.hl7.org/CodeSystem/mdr","v12.0","10046300","Upper respiratory infection"
"http://terminology.hl7.org/CodeSystem/mdr","v12.0","10052298","Urethral infection"
"http://terminology.hl7.org/CodeSystem/mdr","v12.0","10046571","Urinary tract infection"
"http://terminology.hl7.org/CodeSystem/mdr","v12.0","10062233","Uterine infection"
"http://terminology.hl7.org/CodeSystem/mdr","v12.0","10046914","Vaginal infection"
"http://terminology.hl7.org/CodeSystem/mdr","v12.0","10054688","Viremia"
"http://terminology.hl7.org/CodeSystem/mdr","v12.0","10065772","Vulval infection"
"http://terminology.hl7.org/CodeSystem/mdr","v12.0","10048038","Wound infection"
"http://terminology.hl7.org/CodeSystem/mdr","v12.0","10002544","Ankle fracture"
"http://terminology.hl7.org/CodeSystem/mdr","v12.0","10002899","Aortic injury"
"http://terminology.hl7.org/CodeSystem/mdr","v12.0","10003162","Arterial injury"
"http://terminology.hl7.org/CodeSystem/mdr","v12.0","10050458","Biliary anastomotic leak"
"http://terminology.hl7.org/CodeSystem/mdr","v12.0","10065802","Bladder anastomotic leak"
"http://terminology.hl7.org/CodeSystem/mdr","v12.0","10006504","Bruising"
"http://terminology.hl7.org/CodeSystem/mdr","v12.0","10006634","Burn"
"http://terminology.hl7.org/CodeSystem/mdr","v12.0","10061103","Dermatitis radiation"
"http://terminology.hl7.org/CodeSystem/mdr","v12.0","10065961","Esophageal anastomotic leak"
"http://terminology.hl7.org/CodeSystem/mdr","v12.0","10016173","Fall"
"http://terminology.hl7.org/CodeSystem/mdr","v12.0","10065788","Fallopian tube anastomotic leak"
"http://terminology.hl7.org/CodeSystem/mdr","v12.0","10065790","Fallopian tube perforation"
"http://terminology.hl7.org/CodeSystem/mdr","v12.0","10017076","Fracture"
"http://terminology.hl7.org/CodeSystem/mdr","v12.0","10065893","Gastric anastomotic leak"
"http://terminology.hl7.org/CodeSystem/mdr","v12.0","10065879","Gastrointestinal anastomotic leak"
"http://terminology.hl7.org/CodeSystem/mdr","v12.0","10065712","Gastrointestinal stoma necrosis"
"http://terminology.hl7.org/CodeSystem/mdr","v12.0","10020100","Hip fracture"
"http://terminology.hl7.org/CodeSystem/mdr","v12.0","10051792","Infusion related reaction"
"http://terminology.hl7.org/CodeSystem/mdr","v12.0","10022161","Injury to carotid artery"
"http://terminology.hl7.org/CodeSystem/mdr","v12.0","10022213","Injury to inferior vena cava"
"http://terminology.hl7.org/CodeSystem/mdr","v12.0","10065849","Injury to jugular vein"
"http://terminology.hl7.org/CodeSystem/mdr","v12.0","10022356","Injury to superior vena cava"
"http://terminology.hl7.org/CodeSystem/mdr","v12.0","10022117","Injury, poisoning and procedural complications - Other, specify"
"http://terminology.hl7.org/CodeSystem/mdr","v12.0","10059095","Intestinal stoma leak"
"http://terminology.hl7.org/CodeSystem/mdr","v12.0","10059094","Intestinal stoma obstruction"
"http://terminology.hl7.org/CodeSystem/mdr","v12.0","10049468","Intestinal stoma site bleeding"
"http://terminology.hl7.org/CodeSystem/mdr","v12.0","10065826","Intraoperative arterial injury"
"http://terminology.hl7.org/CodeSystem/mdr","v12.0","10065831","Intraoperative breast injury"
"http://terminology.hl7.org/CodeSystem/mdr","v12.0","10065843","Intraoperative cardiac injury"
"http://terminology.hl7.org/CodeSystem/mdr","v12.0","10065844","Intraoperative ear injury"
"http://terminology.hl7.org/CodeSystem/mdr","v12.0","10065834","Intraoperative endocrine injury"
"http://terminology.hl7.org/CodeSystem/mdr","v12.0","10065825","Intraoperative gastrointestinal injury"
"http://terminology.hl7.org/CodeSystem/mdr","v12.0","10065842","Intraoperative head and neck injury"
"http://terminology.hl7.org/CodeSystem/mdr","v12.0","10055298","Intraoperative hemorrhage"
"http://terminology.hl7.org/CodeSystem/mdr","v12.0","10065827","Intraoperative hepatobiliary injury"
"http://terminology.hl7.org/CodeSystem/mdr","v12.0","10065829","Intraoperative musculoskeletal injury"
"http://terminology.hl7.org/CodeSystem/mdr","v12.0","10065830","Intraoperative neurological injury"
"http://terminology.hl7.org/CodeSystem/mdr","v12.0","10065841","Intraoperative ocular injury"
"http://terminology.hl7.org/CodeSystem/mdr","v12.0","10065845","Intraoperative renal injury"
"http://terminology.hl7.org/CodeSystem/mdr","v12.0","10065840","Intraoperative reproductive tract injury"
"http://terminology.hl7.org/CodeSystem/mdr","v12.0","10065832","Intraoperative respiratory injury"
"http://terminology.hl7.org/CodeSystem/mdr","v12.0","10065847","Intraoperative splenic injury"
"http://terminology.hl7.org/CodeSystem/mdr","v12.0","10065828","Intraoperative urinary injury"
"http://terminology.hl7.org/CodeSystem/mdr","v12.0","10065848","Intraoperative venous injury"
"http://terminology.hl7.org/CodeSystem/mdr","v12.0","10065803","Kidney anastomotic leak"
"http://terminology.hl7.org/CodeSystem/mdr","v12.0","10065891","Large intestinal anastomotic leak"
"http://terminology.hl7.org/CodeSystem/mdr","v12.0","10050457","Pancreatic anastomotic leak"
"http://terminology.hl7.org/CodeSystem/mdr","v12.0","10065705","Pharyngeal anastomotic leak"
"http://terminology.hl7.org/CodeSystem/mdr","v12.0","10055322","Postoperative hemorrhage"
"http://terminology.hl7.org/CodeSystem/mdr","v12.0","10056745","Postoperative thoracic procedure complication"
"http://terminology.hl7.org/CodeSystem/mdr","v12.0","10065745","Prolapse of intestinal stoma"
"http://terminology.hl7.org/CodeSystem/mdr","v12.0","10065822","Prolapse of urostomy"
"http://terminology.hl7.org/CodeSystem/mdr","v12.0","10037767","Radiation recall reaction (dermatologic)"
"http://terminology.hl7.org/CodeSystem/mdr","v12.0","10065894","Rectal anastomotic leak"
"http://terminology.hl7.org/CodeSystem/mdr","v12.0","10040102","Seroma"
"http://terminology.hl7.org/CodeSystem/mdr","v12.0","10065892","Small intestinal anastomotic leak"
"http://terminology.hl7.org/CodeSystem/mdr","v12.0","10065897","Spermatic cord anastomotic leak"
"http://terminology.hl7.org/CodeSystem/mdr","v12.0","10041569","Spinal fracture"
"http://terminology.hl7.org/CodeSystem/mdr","v12.0","10065898","Stenosis of gastrointestinal stoma"
"http://terminology.hl7.org/CodeSystem/mdr","v12.0","10042127","Stomal ulcer"
"http://terminology.hl7.org/CodeSystem/mdr","v12.0","10062548","Tracheal hemorrhage"
"http://terminology.hl7.org/CodeSystem/mdr","v12.0","10044291","Tracheal obstruction"
"http://terminology.hl7.org/CodeSystem/mdr","v12.0","10065749","Tracheostomy site bleeding"
"http://terminology.hl7.org/CodeSystem/mdr","v12.0","10065814","Ureteric anastomotic leak"
"http://terminology.hl7.org/CodeSystem/mdr","v12.0","10065815","Urethral anastomotic leak"
"http://terminology.hl7.org/CodeSystem/mdr","v12.0","10065882","Urostomy leak"
"http://terminology.hl7.org/CodeSystem/mdr","v12.0","10065883","Urostomy obstruction"
"http://terminology.hl7.org/CodeSystem/mdr","v12.0","10065748","Urostomy site bleeding"
"http://terminology.hl7.org/CodeSystem/mdr","v12.0","10065885","Urostomy stenosis"
"http://terminology.hl7.org/CodeSystem/mdr","v12.0","10065886","Uterine anastomotic leak"
"http://terminology.hl7.org/CodeSystem/mdr","v12.0","10046810","Uterine perforation"
"http://terminology.hl7.org/CodeSystem/mdr","v12.0","10046861","Vaccination complication"
"http://terminology.hl7.org/CodeSystem/mdr","v12.0","10065887","Vaginal anastomotic leak"
"http://terminology.hl7.org/CodeSystem/mdr","v12.0","10065888","Vas deferens anastomotic leak"
"http://terminology.hl7.org/CodeSystem/mdr","v12.0","10062169","Vascular access complication"
"http://terminology.hl7.org/CodeSystem/mdr","v12.0","10047228","Venous injury"
"http://terminology.hl7.org/CodeSystem/mdr","v12.0","10053692","Wound complication"
"http://terminology.hl7.org/CodeSystem/mdr","v12.0","10048031","Wound dehiscence"
"http://terminology.hl7.org/CodeSystem/mdr","v12.0","10048049","Wrist fracture"
"http://terminology.hl7.org/CodeSystem/mdr","v12.0","10000636","Activated partial thromboplastin time prolonged"
"http://terminology.hl7.org/CodeSystem/mdr","v12.0","10001551","Alanine aminotransferase increased"
"http://terminology.hl7.org/CodeSystem/mdr","v12.0","10001675","Alkaline phosphatase increased"
"http://terminology.hl7.org/CodeSystem/mdr","v12.0","10003481","Aspartate aminotransferase increased"
"http://terminology.hl7.org/CodeSystem/mdr","v12.0","10005332","Blood antidiuretic hormone abnormal"
"http://terminology.hl7.org/CodeSystem/mdr","v12.0","10005359","Blood bicarbonate decreased"
"http://terminology.hl7.org/CodeSystem/mdr","v12.0","10005364","Blood bilirubin increased"
"http://terminology.hl7.org/CodeSystem/mdr","v12.0","10005452","Blood corticotrophin decreased"
"http://terminology.hl7.org/CodeSystem/mdr","v12.0","10005561","Blood gonadotrophin abnormal"
"http://terminology.hl7.org/CodeSystem/mdr","v12.0","10005630","Blood lactate dehydrogenase increased"
"http://terminology.hl7.org/CodeSystem/mdr","v12.0","10005778","Blood prolactin abnormal"
"http://terminology.hl7.org/CodeSystem/mdr","v12.0","10065906","Carbon monoxide diffusing capacity decreased"
"http://terminology.hl7.org/CodeSystem/mdr","v12.0","10007612","Cardiac troponin I increased"
"http://terminology.hl7.org/CodeSystem/mdr","v12.0","10007613","Cardiac troponin T increased"
"http://terminology.hl7.org/CodeSystem/mdr","v12.0","10007839","CD4 lymphocytes decreased"
"http://terminology.hl7.org/CodeSystem/mdr","v12.0","10008661","Cholesterol high"
"http://terminology.hl7.org/CodeSystem/mdr","v12.0","10011268","CPK increased"
"http://terminology.hl7.org/CodeSystem/mdr","v12.0","10011368","Creatinine increased"
"http://terminology.hl7.org/CodeSystem/mdr","v12.0","10050528","Ejection fraction decreased"
"http://terminology.hl7.org/CodeSystem/mdr","v12.0","10014383","Electrocardiogram QT corrected interval prolonged"
"http://terminology.hl7.org/CodeSystem/mdr","v12.0","10050380","Electrocardiogram T wave abnormal"
"http://terminology.hl7.org/CodeSystem/mdr","v12.0","10016596","Fibrinogen decreased"
"http://terminology.hl7.org/CodeSystem/mdr","v12.0","10016987","Forced expiratory volume decreased"
"http://terminology.hl7.org/CodeSystem/mdr","v12.0","10056910","GGT increased"
"http://terminology.hl7.org/CodeSystem/mdr","v12.0","10018748","Growth hormone abnormal"
"http://terminology.hl7.org/CodeSystem/mdr","v12.0","10019150","Haptoglobin decreased"
"http://terminology.hl7.org/CodeSystem/mdr","v12.0","10055599","Hemoglobin increased"
"http://terminology.hl7.org/CodeSystem/mdr","v12.0","10022402","INR increased"
"http://terminology.hl7.org/CodeSystem/mdr","v12.0","10022891","Investigations - Other, specify"
"http://terminology.hl7.org/CodeSystem/mdr","v12.0","10024574","Lipase increased"
"http://terminology.hl7.org/CodeSystem/mdr","v12.0","10025256","Lymphocyte count decreased"
"http://terminology.hl7.org/CodeSystem/mdr","v12.0","10025258","Lymphocyte count increased"
"http://terminology.hl7.org/CodeSystem/mdr","v12.0","10029366","Neutrophil count decreased"
"http://terminology.hl7.org/CodeSystem/mdr","v12.0","10062646","Pancreatic enzymes decreased"
"http://terminology.hl7.org/CodeSystem/mdr","v12.0","10035528","Platelet count decreased"
"http://terminology.hl7.org/CodeSystem/mdr","v12.0","10040139","Serum amylase increased"
"http://terminology.hl7.org/CodeSystem/mdr","v12.0","10043770","Thyroid stimulating hormone increased"
"http://terminology.hl7.org/CodeSystem/mdr","v12.0","10059895","Urine output decreased"
"http://terminology.hl7.org/CodeSystem/mdr","v12.0","10047580","Vital capacity abnormal"
"http://terminology.hl7.org/CodeSystem/mdr","v12.0","10047896","Weight gain"
"http://terminology.hl7.org/CodeSystem/mdr","v12.0","10047900","Weight loss"
"http://terminology.hl7.org/CodeSystem/mdr","v12.0","10049182","White blood cell decreased"
"http://terminology.hl7.org/CodeSystem/mdr","v12.0","10000486","Acidosis"
"http://terminology.hl7.org/CodeSystem/mdr","v12.0","10001598","Alcohol intolerance"
"http://terminology.hl7.org/CodeSystem/mdr","v12.0","10001680","Alkalosis"
"http://terminology.hl7.org/CodeSystem/mdr","v12.0","10002646","Anorexia"
"http://terminology.hl7.org/CodeSystem/mdr","v12.0","10012174","Dehydration"
"http://terminology.hl7.org/CodeSystem/mdr","v12.0","10052426","Glucose intolerance"
"http://terminology.hl7.org/CodeSystem/mdr","v12.0","10020587","Hypercalcemia"
"http://terminology.hl7.org/CodeSystem/mdr","v12.0","10020639","Hyperglycemia"
"http://terminology.hl7.org/CodeSystem/mdr","v12.0","10020647","Hyperkalemia"
"http://terminology.hl7.org/CodeSystem/mdr","v12.0","10020667","Hyperlipidemia"
"http://terminology.hl7.org/CodeSystem/mdr","v12.0","10020670","Hypermagnesemia"
"http://terminology.hl7.org/CodeSystem/mdr","v12.0","10020680","Hypernatremia"
"http://terminology.hl7.org/CodeSystem/mdr","v12.0","10020712","Hyperphosphatemia"
"http://terminology.hl7.org/CodeSystem/mdr","v12.0","10020870","Hypertriglyceridemia"
"http://terminology.hl7.org/CodeSystem/mdr","v12.0","10020907","Hyperuricemia"
"http://terminology.hl7.org/CodeSystem/mdr","v12.0","10020943","Hypoalbuminemia"
"http://terminology.hl7.org/CodeSystem/mdr","v12.0","10020949","Hypocalcemia"
"http://terminology.hl7.org/CodeSystem/mdr","v12.0","10021005","Hypoglycemia"
"http://terminology.hl7.org/CodeSystem/mdr","v12.0","10021018","Hypokalemia"
"http://terminology.hl7.org/CodeSystem/mdr","v12.0","10021028","Hypomagnesemia"
"http://terminology.hl7.org/CodeSystem/mdr","v12.0","10021038","Hyponatremia"
"http://terminology.hl7.org/CodeSystem/mdr","v12.0","10021059","Hypophosphatemia"
"http://terminology.hl7.org/CodeSystem/mdr","v12.0","10065973","Iron overload"
"http://terminology.hl7.org/CodeSystem/mdr","v12.0","10027433","Metabolism and nutrition disorders - Other, specify"
"http://terminology.hl7.org/CodeSystem/mdr","v12.0","10029883","Obesity"
"http://terminology.hl7.org/CodeSystem/mdr","v12.0","10045152","Tumor lysis syndrome"
"http://terminology.hl7.org/CodeSystem/mdr","v12.0","10065775","Abdominal soft tissue necrosis"
"http://terminology.hl7.org/CodeSystem/mdr","v12.0","10003239","Arthralgia"
"http://terminology.hl7.org/CodeSystem/mdr","v12.0","10003246","Arthritis"
"http://terminology.hl7.org/CodeSystem/mdr","v12.0","10066480","Avascular necrosis"
"http://terminology.hl7.org/CodeSystem/mdr","v12.0","10003988","Back pain"
"http://terminology.hl7.org/CodeSystem/mdr","v12.0","10006002","Bone pain"
"http://terminology.hl7.org/CodeSystem/mdr","v12.0","10048677","Buttock pain"
"http://terminology.hl7.org/CodeSystem/mdr","v12.0","10048831","Chest wall necrosis"
"http://terminology.hl7.org/CodeSystem/mdr","v12.0","10008496","Chest wall pain"
"http://terminology.hl7.org/CodeSystem/mdr","v12.0","10015688","Exostosis"
"http://terminology.hl7.org/CodeSystem/mdr","v12.0","10065799","Fibrosis deep connective tissue"
"http://terminology.hl7.org/CodeSystem/mdr","v12.0","10016750","Flank pain"
"http://terminology.hl7.org/CodeSystem/mdr","v12.0","10062572","Generalized muscle weakness"
"http://terminology.hl7.org/CodeSystem/mdr","v12.0","10018761","Growth suppression"
"http://terminology.hl7.org/CodeSystem/mdr","v12.0","10065779","Head soft tissue necrosis"
"http://terminology.hl7.org/CodeSystem/mdr","v12.0","10023215","Joint effusion"
"http://terminology.hl7.org/CodeSystem/mdr","v12.0","10048706","Joint range of motion decreased"
"http://terminology.hl7.org/CodeSystem/mdr","v12.0","10065796","Joint range of motion decreased cervical spine"
"http://terminology.hl7.org/CodeSystem/mdr","v12.0","10065800","Joint range of motion decreased lumbar spine"
"http://terminology.hl7.org/CodeSystem/mdr","v12.0","10023509","Kyphosis"
"http://terminology.hl7.org/CodeSystem/mdr","v12.0","10024842","Lordosis"
"http://terminology.hl7.org/CodeSystem/mdr","v12.0","10028294","Muscle cramp"
"http://terminology.hl7.org/CodeSystem/mdr","v12.0","10065776","Muscle weakness lower limb"
"http://terminology.hl7.org/CodeSystem/mdr","v12.0","10065795","Muscle weakness trunk"
"http://terminology.hl7.org/CodeSystem/mdr","v12.0","10065895","Muscle weakness upper limb"
"http://terminology.hl7.org/CodeSystem/mdr","v12.0","10028395","Musculoskeletal and connective tissue disorder - Other, specify"
"http://terminology.hl7.org/CodeSystem/mdr","v12.0","10065783","Musculoskeletal deformity"
"http://terminology.hl7.org/CodeSystem/mdr","v12.0","10028411","Myalgia"
"http://terminology.hl7.org/CodeSystem/mdr","v12.0","10028653","Myositis"
"http://terminology.hl7.org/CodeSystem/mdr","v12.0","10028836","Neck pain"
"http://terminology.hl7.org/CodeSystem/mdr","v12.0","10065781","Neck soft tissue necrosis"
"http://terminology.hl7.org/CodeSystem/mdr","v12.0","10031264","Osteonecrosis"
"http://terminology.hl7.org/CodeSystem/mdr","v12.0","10064658","Osteonecrosis of jaw"
"http://terminology.hl7.org/CodeSystem/mdr","v12.0","10031282","Osteoporosis"
"http://terminology.hl7.org/CodeSystem/mdr","v12.0","10033425","Pain in extremity"
"http://terminology.hl7.org/CodeSystem/mdr","v12.0","10065793","Pelvic soft tissue necrosis"
"http://terminology.hl7.org/CodeSystem/mdr","v12.0","10039020","Rhabdomyolysis"
"http://terminology.hl7.org/CodeSystem/mdr","v12.0","10039226","Rotator cuff injury"
"http://terminology.hl7.org/CodeSystem/mdr","v12.0","10039722","Scoliosis"
"http://terminology.hl7.org/CodeSystem/mdr","v12.0","10065777","Soft tissue necrosis lower limb"
"http://terminology.hl7.org/CodeSystem/mdr","v12.0","10065778","Soft tissue necrosis upper limb"
"http://terminology.hl7.org/CodeSystem/mdr","v12.0","10065798","Superficial soft tissue fibrosis"
"http://terminology.hl7.org/CodeSystem/mdr","v12.0","10044684","Trismus"
"http://terminology.hl7.org/CodeSystem/mdr","v12.0","10065738","Unequal limb length"
"http://terminology.hl7.org/CodeSystem/mdr","v12.0","10048293","Leukemia secondary to oncology chemotherapy"
"http://terminology.hl7.org/CodeSystem/mdr","v12.0","10028533","Myelodysplastic syndrome"
"http://terminology.hl7.org/CodeSystem/mdr","v12.0","10029104","Neoplasms benign, malignant and unspecified (incl cysts and polyps) - Other, specify"
"http://terminology.hl7.org/CodeSystem/mdr","v12.0","10040907","Skin papilloma"
"http://terminology.hl7.org/CodeSystem/mdr","v12.0","10049737","Treatment related secondary malignancy"
"http://terminology.hl7.org/CodeSystem/mdr","v12.0","10055351","Tumor hemorrhage"
"http://terminology.hl7.org/CodeSystem/mdr","v12.0","10045158","Tumor pain"
"http://terminology.hl7.org/CodeSystem/mdr","v12.0","10053662","Abducens nerve disorder"
"http://terminology.hl7.org/CodeSystem/mdr","v12.0","10060929","Accessory nerve disorder"
"http://terminology.hl7.org/CodeSystem/mdr","v12.0","10000521","Acoustic nerve disorder NOS"
"http://terminology.hl7.org/CodeSystem/mdr","v12.0","10001540","Akathisia"
"http://terminology.hl7.org/CodeSystem/mdr","v12.0","10001949","Amnesia"
"http://terminology.hl7.org/CodeSystem/mdr","v12.0","10002653","Anosmia"
"http://terminology.hl7.org/CodeSystem/mdr","v12.0","10002953","Aphonia"
"http://terminology.hl7.org/CodeSystem/mdr","v12.0","10003074","Arachnoiditis"
"http://terminology.hl7.org/CodeSystem/mdr","v12.0","10003591","Ataxia"
"http://terminology.hl7.org/CodeSystem/mdr","v12.0","10065417","Brachial plexopathy"
"http://terminology.hl7.org/CodeSystem/mdr","v12.0","10065784","Central nervous system necrosis"
"http://terminology.hl7.org/CodeSystem/mdr","v12.0","10008164","Cerebrospinal fluid leakage"
"http://terminology.hl7.org/CodeSystem/mdr","v12.0","10009845","Cognitive disturbance"
"http://terminology.hl7.org/CodeSystem/mdr","v12.0","10010250","Concentration impairment"
"http://terminology.hl7.org/CodeSystem/mdr","v12.0","10012373","Depressed level of consciousness"
"http://terminology.hl7.org/CodeSystem/mdr","v12.0","10013573","Dizziness"
"http://terminology.hl7.org/CodeSystem/mdr","v12.0","10013887","Dysarthria"
"http://terminology.hl7.org/CodeSystem/mdr","v12.0","10062872","Dysesthesia"
"http://terminology.hl7.org/CodeSystem/mdr","v12.0","10013911","Dysgeusia"
"http://terminology.hl7.org/CodeSystem/mdr","v12.0","10013951","Dysphasia"
"http://terminology.hl7.org/CodeSystem/mdr","v12.0","10014217","Edema cerebral"
"http://terminology.hl7.org/CodeSystem/mdr","v12.0","10014625","Encephalopathy"
"http://terminology.hl7.org/CodeSystem/mdr","v12.0","10015832","Extrapyramidal disorder"
"http://terminology.hl7.org/CodeSystem/mdr","v12.0","10051272","Facial muscle weakness"
"http://terminology.hl7.org/CodeSystem/mdr","v12.0","10061457","Facial nerve disorder"
"http://terminology.hl7.org/CodeSystem/mdr","v12.0","10061185","Glossopharyngeal nerve disorder"
"http://terminology.hl7.org/CodeSystem/mdr","v12.0","10018767","Guillain-Barre syndrome"
"http://terminology.hl7.org/CodeSystem/mdr","v12.0","10019211","Headache"
"http://terminology.hl7.org/CodeSystem/mdr","v12.0","10020508","Hydrocephalus"
"http://terminology.hl7.org/CodeSystem/mdr","v12.0","10020765","Hypersomnia"
"http://terminology.hl7.org/CodeSystem/mdr","v12.0","10061212","Hypoglossal nerve disorder"
"http://terminology.hl7.org/CodeSystem/mdr","v12.0","10022763","Intracranial hemorrhage"
"http://terminology.hl7.org/CodeSystem/mdr","v12.0","10023030","Ischemia cerebrovascular"
"http://terminology.hl7.org/CodeSystem/mdr","v12.0","10024264","Lethargy"
"http://terminology.hl7.org/CodeSystem/mdr","v12.0","10024382","Leukoencephalopathy"
"http://terminology.hl7.org/CodeSystem/mdr","v12.0","10027175","Memory impairment"
"http://terminology.hl7.org/CodeSystem/mdr","v12.0","10027198","Meningismus"
"http://terminology.hl7.org/CodeSystem/mdr","v12.0","10028041","Movements involuntary"
"http://terminology.hl7.org/CodeSystem/mdr","v12.0","10065780","Muscle weakness left-sided"
"http://terminology.hl7.org/CodeSystem/mdr","v12.0","10065794","Muscle weakness right-sided"
"http://terminology.hl7.org/CodeSystem/mdr","v12.0","10028417","Myasthenia gravis"
"http://terminology.hl7.org/CodeSystem/mdr","v12.0","10029205","Nervous system disorders - Other, specify"
"http://terminology.hl7.org/CodeSystem/mdr","v12.0","10029223","Neuralgia"
"http://terminology.hl7.org/CodeSystem/mdr","v12.0","10029864","Nystagmus"
"http://terminology.hl7.org/CodeSystem/mdr","v12.0","10053661","Oculomotor nerve disorder"
"http://terminology.hl7.org/CodeSystem/mdr","v12.0","10056388","Olfactory nerve disorder"
"http://terminology.hl7.org/CodeSystem/mdr","v12.0","10033987","Paresthesia"
"http://terminology.hl7.org/CodeSystem/mdr","v12.0","10034580","Peripheral motor neuropathy"
"http://terminology.hl7.org/CodeSystem/mdr","v12.0","10034620","Peripheral sensory neuropathy"
"http://terminology.hl7.org/CodeSystem/mdr","v12.0","10056238","Phantom pain"
"http://terminology.hl7.org/CodeSystem/mdr","v12.0","10036653","Presyncope"
"http://terminology.hl7.org/CodeSystem/mdr","v12.0","10063636","Pyramidal tract syndrome"
"http://terminology.hl7.org/CodeSystem/mdr","v12.0","10061928","Radiculitis"
"http://terminology.hl7.org/CodeSystem/mdr","v12.0","10038130","Recurrent laryngeal nerve palsy"
"http://terminology.hl7.org/CodeSystem/mdr","v12.0","10063761","Reversible posterior leukoencephalopathy syndrome"
"http://terminology.hl7.org/CodeSystem/mdr","v12.0","10039906","Seizure"
"http://terminology.hl7.org/CodeSystem/mdr","v12.0","10041349","Somnolence"
"http://terminology.hl7.org/CodeSystem/mdr","v12.0","10041416","Spasticity"
"http://terminology.hl7.org/CodeSystem/mdr","v12.0","10041549","Spinal cord compression"
"http://terminology.hl7.org/CodeSystem/mdr","v12.0","10042244","Stroke"
"http://terminology.hl7.org/CodeSystem/mdr","v12.0","10042772","Syncope"
"http://terminology.hl7.org/CodeSystem/mdr","v12.0","10043245","Tendon reflex decreased"
"http://terminology.hl7.org/CodeSystem/mdr","v12.0","10044391","Transient ischemic attacks"
"http://terminology.hl7.org/CodeSystem/mdr","v12.0","10044565","Tremor"
"http://terminology.hl7.org/CodeSystem/mdr","v12.0","10060890","Trigeminal nerve disorder"
"http://terminology.hl7.org/CodeSystem/mdr","v12.0","10074765","Trochlear nerve disorder"
"http://terminology.hl7.org/CodeSystem/mdr","v12.0","10061403","Vagus nerve disorder"
"http://terminology.hl7.org/CodeSystem/mdr","v12.0","10047166","Vasovagal reaction"
"http://terminology.hl7.org/CodeSystem/mdr","v12.0","10054746","Fetal growth retardation"
"http://terminology.hl7.org/CodeSystem/mdr","v12.0","10072314","Pregnancy loss"
"http://terminology.hl7.org/CodeSystem/mdr","v12.0","10036585","Pregnancy, puerperium and perinatal conditions - Other, specify"
"http://terminology.hl7.org/CodeSystem/mdr","v12.0","10036595","Premature delivery"
"http://terminology.hl7.org/CodeSystem/mdr","v12.0","10001497","Agitation"
"http://terminology.hl7.org/CodeSystem/mdr","v12.0","10002652","Anorgasmia"
"http://terminology.hl7.org/CodeSystem/mdr","v12.0","10002855","Anxiety"
"http://terminology.hl7.org/CodeSystem/mdr","v12.0","10010300","Confusion"
"http://terminology.hl7.org/CodeSystem/mdr","v12.0","10057066","Delayed orgasm"
"http://terminology.hl7.org/CodeSystem/mdr","v12.0","10012218","Delirium"
"http://terminology.hl7.org/CodeSystem/mdr","v12.0","10012260","Delusions"
"http://terminology.hl7.org/CodeSystem/mdr","v12.0","10012378","Depression"
"http://terminology.hl7.org/CodeSystem/mdr","v12.0","10015533","Euphoria"
"http://terminology.hl7.org/CodeSystem/mdr","v12.0","10019077","Hallucinations"
"http://terminology.hl7.org/CodeSystem/mdr","v12.0","10022437","Insomnia"
"http://terminology.hl7.org/CodeSystem/mdr","v12.0","10022998","Irritability"
"http://terminology.hl7.org/CodeSystem/mdr","v12.0","10024419","Libido decreased"
"http://terminology.hl7.org/CodeSystem/mdr","v12.0","10024421","Libido increased"
"http://terminology.hl7.org/CodeSystem/mdr","v12.0","10026749","Mania"
"http://terminology.hl7.org/CodeSystem/mdr","v12.0","10034719","Personality change"
"http://terminology.hl7.org/CodeSystem/mdr","v12.0","10037175","Psychiatric disorders - Other, specify"
"http://terminology.hl7.org/CodeSystem/mdr","v12.0","10037234","Psychosis"
"http://terminology.hl7.org/CodeSystem/mdr","v12.0","10038743","Restlessness"
"http://terminology.hl7.org/CodeSystem/mdr","v12.0","10042458","Suicidal ideation"
"http://terminology.hl7.org/CodeSystem/mdr","v12.0","10042464","Suicide attempt"
"http://terminology.hl7.org/CodeSystem/mdr","v12.0","10069339","Acute kidney injury"
"http://terminology.hl7.org/CodeSystem/mdr","v12.0","10063575","Bladder perforation"
"http://terminology.hl7.org/CodeSystem/mdr","v12.0","10048994","Bladder spasm"
"http://terminology.hl7.org/CodeSystem/mdr","v12.0","10064848","Chronic kidney disease"
"http://terminology.hl7.org/CodeSystem/mdr","v12.0","10063057","Cystitis noninfective"
"http://terminology.hl7.org/CodeSystem/mdr","v12.0","10013990","Dysuria"
"http://terminology.hl7.org/CodeSystem/mdr","v12.0","10068405","Glucosuria"
"http://terminology.hl7.org/CodeSystem/mdr","v12.0","10019450","Hematuria"
"http://terminology.hl7.org/CodeSystem/mdr","v12.0","10019489","Hemoglobinuria"
"http://terminology.hl7.org/CodeSystem/mdr","v12.0","10029164","Nephrotic syndrome"
"http://terminology.hl7.org/CodeSystem/mdr","v12.0","10037032","Proteinuria"
"http://terminology.hl7.org/CodeSystem/mdr","v12.0","10038359","Renal and urinary disorders - Other, specify"
"http://terminology.hl7.org/CodeSystem/mdr","v12.0","10038385","Renal calculi"
"http://terminology.hl7.org/CodeSystem/mdr","v12.0","10038419","Renal colic"
"http://terminology.hl7.org/CodeSystem/mdr","v12.0","10038463","Renal hemorrhage"
"http://terminology.hl7.org/CodeSystem/mdr","v12.0","10065368","Urinary fistula"
"http://terminology.hl7.org/CodeSystem/mdr","v12.0","10046539","Urinary frequency"
"http://terminology.hl7.org/CodeSystem/mdr","v12.0","10046543","Urinary incontinence"
"http://terminology.hl7.org/CodeSystem/mdr","v12.0","10046555","Urinary retention"
"http://terminology.hl7.org/CodeSystem/mdr","v12.0","10061574","Urinary tract obstruction"
"http://terminology.hl7.org/CodeSystem/mdr","v12.0","10062225","Urinary tract pain"
"http://terminology.hl7.org/CodeSystem/mdr","v12.0","10046593","Urinary urgency"
"http://terminology.hl7.org/CodeSystem/mdr","v12.0","10046628","Urine discoloration"
"http://terminology.hl7.org/CodeSystem/mdr","v12.0","10001927","Amenorrhea"
"http://terminology.hl7.org/CodeSystem/mdr","v12.0","10003883","Azoospermia"
"http://terminology.hl7.org/CodeSystem/mdr","v12.0","10006179","Breast atrophy"
"http://terminology.hl7.org/CodeSystem/mdr","v12.0","10006298","Breast pain"
"http://terminology.hl7.org/CodeSystem/mdr","v12.0","10013934","Dysmenorrhea"
"http://terminology.hl7.org/CodeSystem/mdr","v12.0","10013941","Dyspareunia"
"http://terminology.hl7.org/CodeSystem/mdr","v12.0","10014326","Ejaculation disorder"
"http://terminology.hl7.org/CodeSystem/mdr","v12.0","10061461","Erectile dysfunction"
"http://terminology.hl7.org/CodeSystem/mdr","v12.0","10065789","Fallopian tube obstruction"
"http://terminology.hl7.org/CodeSystem/mdr","v12.0","10054382","Feminization acquired"
"http://terminology.hl7.org/CodeSystem/mdr","v12.0","10018146","Genital edema"
"http://terminology.hl7.org/CodeSystem/mdr","v12.0","10018801","Gynecomastia"
"http://terminology.hl7.org/CodeSystem/mdr","v12.0","10060602","Hematosalpinx"
"http://terminology.hl7.org/CodeSystem/mdr","v12.0","10022992","Irregular menstruation"
"http://terminology.hl7.org/CodeSystem/mdr","v12.0","10061261","Lactation disorder"
"http://terminology.hl7.org/CodeSystem/mdr","v12.0","10027313","Menorrhagia"
"http://terminology.hl7.org/CodeSystem/mdr","v12.0","10065823","Nipple deformity"
"http://terminology.hl7.org/CodeSystem/mdr","v12.0","10030300","Oligospermia"
"http://terminology.hl7.org/CodeSystem/mdr","v12.0","10065763","Ovarian hemorrhage"
"http://terminology.hl7.org/CodeSystem/mdr","v12.0","10033279","Ovarian rupture"
"http://terminology.hl7.org/CodeSystem/mdr","v12.0","10033314","Ovulation pain"
"http://terminology.hl7.org/CodeSystem/mdr","v12.0","10064026","Pelvic floor muscle weakness"
"http://terminology.hl7.org/CodeSystem/mdr","v12.0","10034263","Pelvic pain"
"http://terminology.hl7.org/CodeSystem/mdr","v12.0","10034310","Penile pain"
"http://terminology.hl7.org/CodeSystem/mdr","v12.0","10061339","Perineal pain"
"http://terminology.hl7.org/CodeSystem/mdr","v12.0","10036601","Premature menopause"
"http://terminology.hl7.org/CodeSystem/mdr","v12.0","10055325","Prostatic hemorrhage"
"http://terminology.hl7.org/CodeSystem/mdr","v12.0","10055026","Prostatic obstruction"
"http://terminology.hl7.org/CodeSystem/mdr","v12.0","10036968","Prostatic pain"
"http://terminology.hl7.org/CodeSystem/mdr","v12.0","10038604","Reproductive system and breast disorders - Other, specify"
"http://terminology.hl7.org/CodeSystem/mdr","v12.0","10039757","Scrotal pain"
"http://terminology.hl7.org/CodeSystem/mdr","v12.0","10065762","Spermatic cord hemorrhage"
"http://terminology.hl7.org/CodeSystem/mdr","v12.0","10065805","Spermatic cord obstruction"
"http://terminology.hl7.org/CodeSystem/mdr","v12.0","10043306","Testicular disorder"
"http://terminology.hl7.org/CodeSystem/mdr","v12.0","10055347","Testicular hemorrhage"
"http://terminology.hl7.org/CodeSystem/mdr","v12.0","10043345","Testicular pain"
"http://terminology.hl7.org/CodeSystem/mdr","v12.0","10065811","Uterine fistula"
"http://terminology.hl7.org/CodeSystem/mdr","v12.0","10046789","Uterine hemorrhage"
"http://terminology.hl7.org/CodeSystem/mdr","v12.0","10065928","Uterine obstruction"
"http://terminology.hl7.org/CodeSystem/mdr","v12.0","10046809","Uterine pain"
"http://terminology.hl7.org/CodeSystem/mdr","v12.0","10046901","Vaginal discharge"
"http://terminology.hl7.org/CodeSystem/mdr","v12.0","10046904","Vaginal dryness"
"http://terminology.hl7.org/CodeSystem/mdr","v12.0","10065813","Vaginal fistula"
"http://terminology.hl7.org/CodeSystem/mdr","v12.0","10046912","Vaginal hemorrhage"
"http://terminology.hl7.org/CodeSystem/mdr","v12.0","10046916","Vaginal inflammation"
"http://terminology.hl7.org/CodeSystem/mdr","v12.0","10065817","Vaginal obstruction"
"http://terminology.hl7.org/CodeSystem/mdr","v12.0","10046937","Vaginal pain"
"http://terminology.hl7.org/CodeSystem/mdr","v12.0","10065818","Vaginal perforation"
"http://terminology.hl7.org/CodeSystem/mdr","v12.0","10053496","Vaginal stricture"
"http://terminology.hl7.org/CodeSystem/mdr","v12.0","10001409","Adult respiratory distress syndrome"
"http://terminology.hl7.org/CodeSystem/mdr","v12.0","10001723","Allergic rhinitis"
"http://terminology.hl7.org/CodeSystem/mdr","v12.0","10002972","Apnea"
"http://terminology.hl7.org/CodeSystem/mdr","v12.0","10003504","Aspiration"
"http://terminology.hl7.org/CodeSystem/mdr","v12.0","10003598","Atelectasis"
"http://terminology.hl7.org/CodeSystem/mdr","v12.0","10006437","Bronchial fistula"
"http://terminology.hl7.org/CodeSystem/mdr","v12.0","10006440","Bronchial obstruction"
"http://terminology.hl7.org/CodeSystem/mdr","v12.0","10063524","Bronchial stricture"
"http://terminology.hl7.org/CodeSystem/mdr","v12.0","10053481","Bronchopleural fistula"
"http://terminology.hl7.org/CodeSystem/mdr","v12.0","10065746","Bronchopulmonary hemorrhage"
"http://terminology.hl7.org/CodeSystem/mdr","v12.0","10006482","Bronchospasm"
"http://terminology.hl7.org/CodeSystem/mdr","v12.0","10051228","Chylothorax"
"http://terminology.hl7.org/CodeSystem/mdr","v12.0","10011224","Cough"
"http://terminology.hl7.org/CodeSystem/mdr","v12.0","10013963","Dyspnea"
"http://terminology.hl7.org/CodeSystem/mdr","v12.0","10015090","Epistaxis"
"http://terminology.hl7.org/CodeSystem/mdr","v12.0","10020039","Hiccups"
"http://terminology.hl7.org/CodeSystem/mdr","v12.0","10020201","Hoarseness"
"http://terminology.hl7.org/CodeSystem/mdr","v12.0","10021143","Hypoxia"
"http://terminology.hl7.org/CodeSystem/mdr","v12.0","10023838","Laryngeal edema"
"http://terminology.hl7.org/CodeSystem/mdr","v12.0","10065786","Laryngeal fistula"
"http://terminology.hl7.org/CodeSystem/mdr","v12.0","10065759","Laryngeal hemorrhage"
"http://terminology.hl7.org/CodeSystem/mdr","v12.0","10065735","Laryngeal inflammation"
"http://terminology.hl7.org/CodeSystem/mdr","v12.0","10065880","Laryngeal mucositis"
"http://terminology.hl7.org/CodeSystem/mdr","v12.0","10059639","Laryngeal obstruction"
"http://terminology.hl7.org/CodeSystem/mdr","v12.0","10023862","Laryngeal stenosis"
"http://terminology.hl7.org/CodeSystem/mdr","v12.0","10062667","Laryngopharyngeal dysesthesia"
"http://terminology.hl7.org/CodeSystem/mdr","v12.0","10023891","Laryngospasm"
"http://terminology.hl7.org/CodeSystem/mdr","v12.0","10056356","Mediastinal hemorrhage"
"http://terminology.hl7.org/CodeSystem/mdr","v12.0","10028735","Nasal congestion"
"http://terminology.hl7.org/CodeSystem/mdr","v12.0","10068319","Oropharyngeal pain"
"http://terminology.hl7.org/CodeSystem/mdr","v12.0","10034825","Pharyngeal fistula"
"http://terminology.hl7.org/CodeSystem/mdr","v12.0","10055315","Pharyngeal hemorrhage"
"http://terminology.hl7.org/CodeSystem/mdr","v12.0","10065881","Pharyngeal mucositis"
"http://terminology.hl7.org/CodeSystem/mdr","v12.0","10065706","Pharyngeal necrosis"
"http://terminology.hl7.org/CodeSystem/mdr","v12.0","10050028","Pharyngeal stenosis"
"http://terminology.hl7.org/CodeSystem/mdr","v12.0","10034844","Pharyngolaryngeal pain"
"http://terminology.hl7.org/CodeSystem/mdr","v12.0","10035598","Pleural effusion"
"http://terminology.hl7.org/CodeSystem/mdr","v12.0","10055319","Pleural hemorrhage"
"http://terminology.hl7.org/CodeSystem/mdr","v12.0","10035623","Pleuritic pain"
"http://terminology.hl7.org/CodeSystem/mdr","v12.0","10035742","Pneumonitis"
"http://terminology.hl7.org/CodeSystem/mdr","v12.0","10035759","Pneumothorax"
"http://terminology.hl7.org/CodeSystem/mdr","v12.0","10036402","Postnasal drip"
"http://terminology.hl7.org/CodeSystem/mdr","v12.0","10036790","Productive cough"
"http://terminology.hl7.org/CodeSystem/mdr","v12.0","10037375","Pulmonary edema"
"http://terminology.hl7.org/CodeSystem/mdr","v12.0","10037383","Pulmonary fibrosis"
"http://terminology.hl7.org/CodeSystem/mdr","v12.0","10065873","Pulmonary fistula"
"http://terminology.hl7.org/CodeSystem/mdr","v12.0","10037400","Pulmonary hypertension"
"http://terminology.hl7.org/CodeSystem/mdr","v12.0","10038695","Respiratory failure"
"http://terminology.hl7.org/CodeSystem/mdr","v12.0","10038738","Respiratory, thoracic and mediastinal disorders - Other, specify"
"http://terminology.hl7.org/CodeSystem/mdr","v12.0","10038921","Retinoic acid syndrome"
"http://terminology.hl7.org/CodeSystem/mdr","v12.0","10039100","Rhinorrhea"
"http://terminology.hl7.org/CodeSystem/mdr","v12.0","10062244","Sinus disorder"
"http://terminology.hl7.org/CodeSystem/mdr","v12.0","10040747","Sinus pain"
"http://terminology.hl7.org/CodeSystem/mdr","v12.0","10040975","Sleep apnea"
"http://terminology.hl7.org/CodeSystem/mdr","v12.0","10041232","Sneezing"
"http://terminology.hl7.org/CodeSystem/mdr","v12.0","10041367","Sore throat"
"http://terminology.hl7.org/CodeSystem/mdr","v12.0","10042241","Stridor"
"http://terminology.hl7.org/CodeSystem/mdr","v12.0","10065787","Tracheal fistula"
"http://terminology.hl7.org/CodeSystem/mdr","v12.0","10065900","Tracheal mucositis"
"http://terminology.hl7.org/CodeSystem/mdr","v12.0","10050816","Tracheal stenosis"
"http://terminology.hl7.org/CodeSystem/mdr","v12.0","10047681","Voice alteration"
"http://terminology.hl7.org/CodeSystem/mdr","v12.0","10047924","Wheezing"
"http://terminology.hl7.org/CodeSystem/mdr","v12.0","10001760","Alopecia"
"http://terminology.hl7.org/CodeSystem/mdr","v12.0","10005901","Body odor"
"http://terminology.hl7.org/CodeSystem/mdr","v12.0","10006556","Bullous dermatitis"
"http://terminology.hl7.org/CodeSystem/mdr","v12.0","10013786","Dry skin"
"http://terminology.hl7.org/CodeSystem/mdr","v12.0","10014184","Eczema"
"http://terminology.hl7.org/CodeSystem/mdr","v12.0","10015218","Erythema multiforme"
"http://terminology.hl7.org/CodeSystem/mdr","v12.0","10015277","Erythroderma"
"http://terminology.hl7.org/CodeSystem/mdr","v12.0","10016241","Fat atrophy"
"http://terminology.hl7.org/CodeSystem/mdr","v12.0","10055525","Hair color changes"
"http://terminology.hl7.org/CodeSystem/mdr","v12.0","10019049","Hair texture abnormal"
"http://terminology.hl7.org/CodeSystem/mdr","v12.0","10020112","Hirsutism"
"http://terminology.hl7.org/CodeSystem/mdr","v12.0","10020642","Hyperhidrosis"
"http://terminology.hl7.org/CodeSystem/mdr","v12.0","10020649","Hyperkeratosis"
"http://terminology.hl7.org/CodeSystem/mdr","v12.0","10020864","Hypertrichosis"
"http://terminology.hl7.org/CodeSystem/mdr","v12.0","10021013","Hypohidrosis"
"http://terminology.hl7.org/CodeSystem/mdr","v12.0","10062315","Lipohypertrophy"
"http://terminology.hl7.org/CodeSystem/mdr","v12.0","10028689","Nail changes"
"http://terminology.hl7.org/CodeSystem/mdr","v12.0","10028691","Nail discoloration"
"http://terminology.hl7.org/CodeSystem/mdr","v12.0","10049281","Nail loss"
"http://terminology.hl7.org/CodeSystem/mdr","v12.0","10062283","Nail ridging"
"http://terminology.hl7.org/CodeSystem/mdr","v12.0","10033474","Pain of skin"
"http://terminology.hl7.org/CodeSystem/mdr","v12.0","10054524","Palmar-plantar erythrodysesthesia syndrome"
"http://terminology.hl7.org/CodeSystem/mdr","v12.0","10034966","Photosensitivity"
"http://terminology.hl7.org/CodeSystem/mdr","v12.0","10037087","Pruritus"
"http://terminology.hl7.org/CodeSystem/mdr","v12.0","10037549","Purpura"
"http://terminology.hl7.org/CodeSystem/mdr","v12.0","10037847","Rash acneiform"
"http://terminology.hl7.org/CodeSystem/mdr","v12.0","10037868","Rash maculo-papular"
"http://terminology.hl7.org/CodeSystem/mdr","v12.0","10049120","Scalp pain"
"http://terminology.hl7.org/CodeSystem/mdr","v12.0","10040785","Skin and subcutaneous tissue disorders - Other, specify"
"http://terminology.hl7.org/CodeSystem/mdr","v12.0","10040799","Skin atrophy"
"http://terminology.hl7.org/CodeSystem/mdr","v12.0","10040865","Skin hyperpigmentation"
"http://terminology.hl7.org/CodeSystem/mdr","v12.0","10040868","Skin hypopigmentation"
"http://terminology.hl7.org/CodeSystem/mdr","v12.0","10051837","Skin induration"
"http://terminology.hl7.org/CodeSystem/mdr","v12.0","10040947","Skin ulceration"
"http://terminology.hl7.org/CodeSystem/mdr","v12.0","10042033","Stevens-Johnson syndrome"
"http://terminology.hl7.org/CodeSystem/mdr","v12.0","10042344","Subcutaneous emphysema"
"http://terminology.hl7.org/CodeSystem/mdr","v12.0","10043189","Telangiectasia"
"http://terminology.hl7.org/CodeSystem/mdr","v12.0","10044223","Toxic epidermal necrolysis"
"http://terminology.hl7.org/CodeSystem/mdr","v12.0","10046735","Urticaria"
"http://terminology.hl7.org/CodeSystem/mdr","v12.0","10041244","Social circumstances - Other, specify"
"http://terminology.hl7.org/CodeSystem/mdr","v12.0","10042613","Surgical and medical procedures - Other, specify"
"http://terminology.hl7.org/CodeSystem/mdr","v12.0","10073529","Arterial thromboembolism"
"http://terminology.hl7.org/CodeSystem/mdr","v12.0","10007196","Capillary leak syndrome"
"http://terminology.hl7.org/CodeSystem/mdr","v12.0","10016825","Flushing"
"http://terminology.hl7.org/CodeSystem/mdr","v12.0","10019428","Hematoma"
"http://terminology.hl7.org/CodeSystem/mdr","v12.0","10020407","Hot flashes"
"http://terminology.hl7.org/CodeSystem/mdr","v12.0","10020772","Hypertension"
"http://terminology.hl7.org/CodeSystem/mdr","v12.0","10021097","Hypotension"
"http://terminology.hl7.org/CodeSystem/mdr","v12.0","10065773","Lymph leakage"
"http://terminology.hl7.org/CodeSystem/mdr","v12.0","10025233","Lymphedema"
"http://terminology.hl7.org/CodeSystem/mdr","v12.0","10048642","Lymphocele"
"http://terminology.hl7.org/CodeSystem/mdr","v12.0","10034578","Peripheral ischemia"
"http://terminology.hl7.org/CodeSystem/mdr","v12.0","10034879","Phlebitis"
"http://terminology.hl7.org/CodeSystem/mdr","v12.0","10042554","Superficial thrombophlebitis"
"http://terminology.hl7.org/CodeSystem/mdr","v12.0","10042569","Superior vena cava syndrome"
"http://terminology.hl7.org/CodeSystem/mdr","v12.0","10043565","Thromboembolic event"
"http://terminology.hl7.org/CodeSystem/mdr","v12.0","10047065","Vascular disorders - Other, specify"
"http://terminology.hl7.org/CodeSystem/mdr","v12.0","10047115","Vasculitis"
"https://ctep.cancer.gov/protocoldevelopment/electronic_applications/docs/CTCAE_v5_Quick_Reference_8.5x11.pdf","v5.0","1","Mild; asymptomatic or mild symptoms; clinical or diagnostic observations only; intervention not indicated."
"https://ctep.cancer.gov/protocoldevelopment/electronic_applications/docs/CTCAE_v5_Quick_Reference_8.5x11.pdf","v5.0","2","Moderate; minimal, local or noninvasive intervention indicated; limiting ageappropriate instrumental ADL."
"https://ctep.cancer.gov/protocoldevelopment/electronic_applications/docs/CTCAE_v5_Quick_Reference_8.5x11.pdf","v5.0","3","Severe or medically significant but not immediately life-threatening; hospitalization or prolongation of hospitalization indicated; disabling; limiting self care ADL"
"https://ctep.cancer.gov/protocoldevelopment/electronic_applications/docs/CTCAE_v5_Quick_Reference_8.5x11.pdf","v5.0","4","Life-threatening consequences; urgent intervention indicated."
"https://ctep.cancer.gov/protocoldevelopment/electronic_applications/docs/CTCAE_v5_Quick_Reference_8.5x11.pdf","v5.0","5","Death related to AE."
"http://terminology.hl7.org/CodeSystem/umls",,"C0439673","Unknown"